"","Country","VDM_v2x_liberal","VDM_v2xlg_legcon","VDM_v2psoppaut","VDM_v2cltrnslw","VDM_v2lgqstexp","VDM_v2lginvstp","VDM_v2lgoppart","VDM_v2x_jucon","VDM_v2juhcind","VDM_v2juncind","VDM_v2lgotovst","VDM_v2x_polyarchy","VDM_v2x_suffr","VDM_v2xel_frefair","VDM_v2x_elecoff","VDM_v2xdd_dd","VDM_v2elembaut","VDM_v2elembcap","VDM_v2elrgstry","VDM_v2elvotbuy","VDM_v2elirreg","VDM_v2elintim","VDM_v2elpeace","VDM_v2x_libdem","VDM_v2x_freexp_altinf","VDM_v2x_frassoc_thick","VDM_v2merange","VDM_v2meslfcen","VDM_v2mecrit","VDM_v2cldiscm","VDM_v2cldiscw","VDM_v2psbars","VDM_v2cscnsult","VDM_v2exrescon","VDM_v2jucomp","VDM_v2juhccomp","VDM_v2mecenefm","VDM_v2meharjrn","VDM_v2cseeorgs","VDM_v2csreprss","VDM_v2cltort","VDM_v2clkill","VDM_v2clslavem","VDM_v2clslavef","VDM_v2clprptym","VDM_v2clprptyw","VDM_v2clrelig","VDM_v2xcl_rol","VDM_v2csgender","VDM_v2clacjust","VDM_v2clsocgrp","VDM_v2pepwrgen","VDM_v2pepwrses","VDM_v2pepwrsoc","VDM_v2clfmove","VDM_v2cldmovem","VDM_v2cldmovew","VDM_v2clacjstm","VDM_v2clacjstw","VDM_v2caassemb","VDM_v2jupoatck","VDM_v2exbribe","VDM_v2lgcrrpt"
"1","AT",0.589086167800454,0.656481228668942,0.834352194908838,0.663512129166871,0.658991440442348,0.527485248800119,0.624161034633113,0.582462719298246,0.509497084518584,0.481277533039648,0.620177156292258,0.432859766277129,0.484140969162996,0.503973929236499,0.45393634840871,0.0739489795918367,0.598888884859606,0.74214665092627,0.761647638674013,0.701942849671338,0.778753124821098,0.808609383832674,0.761359914194514,0.402219469026549,0.607076252723312,0.530098039215686,0.624504839222529,0.598011033800747,0.612183126996394,0.564450389101697,0.569446567932307,0.574537303859322,0.568053402614743,0.731640352489422,0.55032283494264,0.560890265468206,0.779959750349456,0.544054065152733,0.464228895692644,0.528794160057679,0.596058578218711,0.794713992621248,0.620126935828874,0.645072204522986,0.703559682166827,0.664267154261067,0.625902382524088,0.730971677559913,0.520418134772077,0.65367831322363,0.507935038956703,0.354112265227567,0.513551497469379,0.590401045942412,0.673149853630931,0.593644925643095,0.528732700042953,0.6950890475803,0.644403949378122,0.839793269575352,0.737377232830192,0.688447242356247,0.563766643101214
"2","BE",0.846332512315271,0.825790322580645,0.864599932317216,0.751044176706827,0.874301894010038,0.625529306312525,0.747489908887206,0.914885,0.735825927060987,0.87187814974802,0.622676202414902,0.528340949033392,0.51895,0.721058467741935,0.750447227191413,0.00482113821138211,0.715254554988289,0.699254436538988,0.745211917006562,0.663360184328453,0.700043204302954,0.752612165660052,0.704943584515395,0.49185237258348,0.840225,0.796494669509595,0.766187365783822,0.738819444444444,0.693582241495148,0.739626523184048,0.642549356223176,0.842423832702362,0.620702834964563,0.870149209191286,0.714531643444687,0.727924584323041,0.832635477793286,0.749674051079441,0.768731727574751,0.68428454437165,0.829137672465507,0.815665804291584,0.786762468919117,0.764623655913979,0.85486183074266,0.658197450092266,0.824897482285542,0.89547,0.574661785216179,0.785149771534947,0.755935573366215,0.519625925342574,0.516344431299645,0.633051126516464,0.749706925805954,0.782508843296781,0.80719314244027,0.763928571428571,0.73072090243538,0.807686148322775,0.849061343034755,0.809569979062651,0.637473097116215
"3","BU",0.462433333333333,0.462578947368421,0.498164345221175,0.378746513146181,0.505738606398168,0.421007440362391,0.405613991656835,0.490958620689655,0.466582299098389,0.441212978823763,0.462654313442687,0.304608050847458,0.753793103448276,0.352641711229947,0.506493506493506,0.0737967479674797,0.267544911467547,0.551895043731778,0.604932485496415,0.322300192052002,0.304709199673228,0.593367681498829,0.611962855546391,0.23831289640592,0.41629,0.477413698630137,0.443702748551201,0.381250748208575,0.384140938115705,0.470168242941568,0.424467663164126,0.551538118702802,0.336024276658999,0.489300157441423,0.454184876673632,0.575160706277096,0.345347659079763,0.32888833287996,0.438222309814742,0.553641695520942,0.478064042363941,0.537450343463179,0.697474693982539,0.683812048902637,0.51760087925891,0.652540362933782,0.481522377662367,0.459703448275862,0.707518171562397,0.643133501788622,0.516798120668396,0.64429369816588,0.616273687499528,0.537876053307835,0.567089523262432,0.45911957357013,0.500440861094166,0.424976287366521,0.453016790573785,0.386928060760223,0.660839271131611,0.460396973908289,0.507693346164231
"4","CY",0.564677419354839,0.649065040650406,0.700814812523522,0.514187994719878,0.511347474305707,0.535586957594264,0.70054441260745,0.740845528455285,0.585514103685321,0.616490192979684,0.602436632819649,0.42011,0.585365853658537,0.413267361111111,0.546666666666667,0.000813008130081301,0.617841807608782,0.488822784243392,0.758588148861247,0.566547249716846,0.734122592036261,0.795146370023419,0.745702844371125,0.352096666666667,0.568178861788618,0.605843065693431,0.61341230627768,0.500893192452524,0.545235150195413,0.526341386218103,0.395576956627935,0.730628582651429,0.348050070105831,0.621683128201022,0.590603935248686,0.696155108819497,0.571095157679367,0.512119407916247,0.576055425006077,0.566981168620501,0.487965821469852,0.631263509408797,0.621325142606406,0.611577551922227,0.721935646111054,0.627108727051035,0.606983559659206,0.574260162601626,0.441874737785035,0.519649645641828,0.437602127254318,0.389621565139891,0.468480648977522,0.322030124980626,0.701721450347312,0.63131361062461,0.367784237754834,0.508514823391357,0.536087333083102,0.536323425533843,0.59281716254438,0.390816111414456,0.519120700437774
"5","CZ",0.488254237288136,0.473724137931034,0.569550381979044,0.465004815642661,0.538093266480256,0.417404813913066,0.487034202143906,0.476238095238095,0.446635436276871,0.43351674723165,0.43698324004873,0.488636645962733,1,0.615446640316206,0.723905723905724,0.0182571428571429,0.45105254950881,0.804686318972033,0.833875194577447,0.756227099212277,0.794851298448421,0.72829386763813,0.826679911425674,0.381688073394495,0.495931914893617,0.500634920634921,0.536316457343658,0.487366548540781,0.44811307732656,0.582741310704596,0.534129299128037,0.544919452454476,0.396831659322568,0.483167782183002,0.413256912635795,0.509136975455265,0.445015162706688,0.44795848993676,0.509923344204334,0.611451306841004,0.640247859519005,0.695455349881662,0.614423647745796,0.643871263681311,0.593838050785766,0.604065945994363,0.596025767228577,0.564837719298246,0.805847495158209,0.793416901249546,0.580217253588842,0.52407057396032,0.69936559513522,0.583262385291792,0.570998976343724,0.624237064668618,0.61707886903411,0.548034598454766,0.497777444253569,0.555376684190244,0.609735936334586,0.28891394212702,0.500934097841763
"6","DE",0.607061601642711,0.623071428571429,0.73188599272436,0.566646825908713,0.790903263296077,0.542515029853898,0.724027898788298,0.754737068965517,0.656759911796166,0.651012214033723,0.627061821906225,0.411638752052545,0.559130434782609,0.476509225092251,0.420965058236273,0.0465714285714286,0.601957063675448,0.680450942901693,0.71714508460285,0.709830052096544,0.594978298928346,0.668154934104789,0.618413885442987,0.382366288492707,0.573059829059829,0.547695568400771,0.710838442625502,0.512924740813114,0.604195988856468,0.503163526282742,0.508891780885135,0.542558620535929,0.513591068149926,0.607450275956437,0.606288305524371,0.727561859910725,0.710560923705555,0.536889344237152,0.498449612403101,0.649899421073643,0.609588386010434,0.646854451902036,0.685960771259829,0.625849815370706,0.626121169207274,0.473300115977519,0.627620448932344,0.565529166666667,0.407378372164085,0.574687102209599,0.523675947051256,0.303889214794275,0.482473933520717,0.518404718850213,0.720068669379194,0.654972214932049,0.584063909136076,0.54744036631912,0.487924541877372,0.717352447163015,0.796137087459664,0.713613539089748,0.659050719395547
"7","DK",0.854622176591376,0.900263440860215,0.902346227013316,0.765973527273424,0.943255152843536,0.835577626441104,0.793061154794429,0.987696581196581,0.917671850402466,0.990673823017236,0.737679523612131,0.57713601236476,0.578589743589744,0.708236363636364,0.534072900158479,0.158983739837398,0.86839232808358,0.892938127632005,0.777502719957056,0.758047085348016,0.826612722296176,0.838852459016393,0.787143914262558,0.568805555555556,0.798137014314928,0.830244972577697,0.770633347405001,0.760517702231185,0.752549667609201,0.766763596560637,0.797358588618993,0.827651506396774,0.644463338439039,0.800589163149593,0.97590351938178,0.961168294184921,0.838297864235951,0.744428666212334,0.769694409439798,0.738417557210401,0.77984247225399,0.929319203371732,0.768248142796732,0.885129305809819,0.869832683401947,0.506257831741399,0.79275771516451,0.901308008213552,0.564370030635721,0.851397842824416,0.779157522224549,0.503638772106247,0.538555429885496,0.894006725029255,0.872303248869615,0.746262737855144,0.855555804124106,0.759914356773609,0.746219240721838,0.828455238919498,0.83244952725429,0.949772387201925,0.778445285570924
"8","EE",0.85790756302521,0.814236363636364,0.807347091716147,0.677077680089728,0.915844005942545,0.632394529775558,0.748646722594748,0.934709090909091,0.796113448304683,0.860517704038222,0.747458796042168,0.689240223463687,1,0.706130434782609,0.854748603351955,0.130327272727273,0.705195412726989,0.703433754454163,0.761492963917257,0.724679116734595,0.769773321614202,0.837878495660559,0.786782509614015,0.622544444444444,0.870333333333333,0.783125,0.848125854102948,0.729290091930541,0.819471054302515,0.779398351292638,0.745441750763639,0.735311839692586,0.537011014635044,0.777276796614308,0.701225449051536,0.851709493989779,0.765271750064668,0.775324858575882,0.790537601932951,0.831926471384482,0.7977831706386,0.862666537540986,0.874389352054995,0.842941121332637,0.890189697255171,0.859071845785484,0.802971369050066,0.926840707964602,0.91523709902371,0.793997654908977,0.731877256913863,0.556697547215739,0.732730038256488,0.737841499921223,0.864065824269434,0.879858634722448,0.892749490159667,0.741262671076336,0.668484033522133,0.732458807035078,0.820457484748331,0.639409068946837,0.625331231504226
"9","EL",0.576837378640777,0.665612820512821,0.660164617622099,0.495425872223385,0.550228974731965,0.58516202736899,0.669890681450106,0.620373134328358,0.644441872444755,0.564638112533087,0.539063759175232,0.390280060882801,0.621890547263682,0.463517890772128,0.628030303030303,0.0407154471544715,0.581065512915696,0.591080070976507,0.62833835786487,0.443625350864234,0.545094473871452,0.59075644028103,0.703299402636175,0.310952887537994,0.604759305210918,0.64430607966457,0.59510963436219,0.568500350929497,0.580320387859351,0.600657103783189,0.519018640702069,0.747637519415368,0.247956135622932,0.572388727802349,0.45177754003192,0.592229746803457,0.527603451343405,0.521990601741349,0.485158096560387,0.569870273409605,0.577236791447681,0.664980530311462,0.612275029707394,0.57554032752719,0.631247124403106,0.543946097394257,0.475832056362241,0.560821339950372,0.490496436922778,0.452325443353549,0.468402439099202,0.473829466621844,0.434495597052762,0.690434310251171,0.658961861984233,0.605153398201775,0.605081468455643,0.585404094581808,0.512010394761587,0.575451847051682,0.650154154940026,0.355191348780337,0.488441145281018
"10","ES",0.503492813141684,0.460587973273942,0.529098073771504,0.446705057311312,0.526707044201031,0.403008139739184,0.42305622485601,0.656108280254777,0.408894951518273,0.447567271541354,0.471055092591628,0.256631935047361,0.522222222222222,0.259453736654804,0.252706611570248,0.0747154471544716,0.312519574955252,0.330580543165577,0.462036271539505,0.279539352627312,0.333782811237467,0.556732856153313,0.43507683669806,0.238136856368564,0.462404958677686,0.428959183673469,0.475879326273027,0.482863571388643,0.506935950588474,0.422486179924066,0.329375298044826,0.494001531589417,0.335943156479775,0.602326776365518,0.725729551816508,0.735468651794533,0.436042760680531,0.446778681080925,0.469758213362865,0.505602133952342,0.395229358383642,0.530472298809883,0.649443888145073,0.66368988043756,0.910897201052641,0.483887110187852,0.488851679705919,0.461892405063291,0.348883643862723,0.586128938472821,0.536203589532813,0.270733836163108,0.390475493797821,0.519948451317602,0.614352329761862,0.754649155427366,0.595986662738441,0.444086107129585,0.323755845262278,0.521415172924061,0.812513946378148,0.418882968220353,0.378320809723249
"11","FI",0.697874709976798,0.538303738317757,0.807928220506226,0.72377493954456,0.521078618710799,0.498046367796261,0.465765839648662,0.782817757009346,0.542885252662964,0.706279478950095,0.639252915225151,0.606324853228963,0.562616822429907,0.679244140625,0.677165354330709,0.0379268292682927,0.728971233956726,0.9044924600904,0.844108809623123,0.72991586194173,0.844085728167195,0.843260217039945,0.777554505651904,0.537968688845401,0.602317016317016,0.759140816326531,0.731047466015254,0.562946520811689,0.574134439302979,0.575888915346537,0.558361878785448,0.822335555634181,0.363353150393312,0.711285792774928,0.747779648226621,0.702044531267343,0.645961464862575,0.566110245523255,0.592166868366081,0.673283783915112,0.704909485392641,0.757977206558981,0.796116239428399,0.804379817269002,0.827112341760543,0.597774161332148,0.673526307854666,0.774299065420561,0.797566101959407,0.676669360693256,0.627427198451203,0.574922688483879,0.613278952471111,0.590485268630849,0.800429880593529,0.751557081414531,0.700209313067919,0.63943781494719,0.578109225568351,0.734433482676558,0.779563693035982,0.700168432016834,0.757086058459434
"12","FR",0.717774590163934,0.668440087145969,0.716900595311332,0.688037252796289,0.901879543884763,0.54502309813524,0.556865740189225,0.718877637130802,0.573857752015809,0.626603092091616,0.522198847026038,0.522301143583227,0.586452991452991,0.737109452736318,0.682165605095541,0.0979186991869919,0.558555251911504,0.681571639955417,0.756541823774126,0.688659083074802,0.667082475255609,0.817144584789035,0.742281306264357,0.452355696202532,0.723223404255319,0.702893581081081,0.744801130627902,0.759548694473788,0.694259514484234,0.638198730460164,0.546453908513994,0.758737519609987,0.501053592599323,0.64672300907753,0.660389927246965,0.629009009921549,0.71630951371164,0.542799564388389,0.625760396379883,0.701323666407049,0.693829823778834,0.653267334974838,0.801326958284789,0.77811643520879,0.906353960758106,0.69920293876006,0.692832099977225,0.818204255319149,0.758756362574354,0.611956554755675,0.627472678027549,0.415906203518778,0.449523970480536,0.65532521589714,0.736701247575843,0.798183874059361,0.732254785966258,0.709054747874624,0.600356157281303,0.736337826044316,0.708361839321833,0.568438013195623,0.500072345106042
"13","HR",0.649684210526316,0.655318181818182,0.668454519833721,0.480428563569346,0.760517418291308,0.501551307204453,0.524220299757549,0.624444444444444,0.471107024891885,0.441564674826014,0.593698245811576,0.618857142857143,0.888888888888889,0.6631875,0.918918918918919,0.109722222222222,0.638607342723981,0.621261202893856,0.746196134066324,0.684979317476732,0.619498247555802,0.855844262295082,0.815962004097597,0.497428571428571,0.700324324324324,0.742739130434783,0.716326652350274,0.606340891453251,0.644840406759629,0.696000597844244,0.632570338578922,0.754652164333073,0.449094386320171,0.617112636360622,0.534529871486393,0.636113310460104,0.535964829831412,0.513380037297068,0.592100406053894,0.659548507709616,0.712374191828301,0.739351358663488,0.751226983894821,0.766890067265675,0.841310340015003,0.813519357303957,0.703971723872221,0.760931506849315,0.86642840539284,0.677944190594385,0.516063844362241,0.628279169072995,0.552752896550429,0.441190063547083,0.779740175158963,0.743465786267343,0.780412183111435,0.555263892996812,0.573256470275744,0.6377521589386,0.479950024748128,0.438234820421968,0.365699716168759
"14","HU",0.470689075630252,0.365967741935484,0.498944718386508,0.441710063698016,0.479134660517772,0.350936156496577,0.344382494114212,0.655769230769231,0.432465194168381,0.533402712398393,0.451623605257694,0.266439814814815,0.48267094017094,0.325127504553734,0.490894568690096,0.122409523809524,0.416774287271714,0.566033047325564,0.652361529822073,0.469429067731884,0.597285067873303,0.572780456444873,0.681581628740153,0.220235747303544,0.413822448979592,0.391373333333333,0.434848943707211,0.42634074991007,0.42523379040233,0.567245980444271,0.461545798026485,0.546260308671965,0.297523444418483,0.6263495780058,0.55525640308249,0.74819873317498,0.436651986265615,0.444304928677277,0.4317639782286,0.423267181828826,0.527757561494098,0.61885687825423,0.535797552032743,0.524453836208145,0.556525129063989,0.480652015881004,0.505510487536528,0.450643312101911,0.497636758097009,0.44622645739586,0.450087999409824,0.338380901225444,0.370489781001865,0.45718126472026,0.640949834610177,0.521759045105349,0.583369575891918,0.382859089380828,0.360533584648331,0.409884460731918,0.710394955834543,0.467093535300976,0.470586712236549
"15","IE",0.874603773584906,0.753576923076923,0.958465440710209,0.742789840681407,0.958672569830691,0.553581738446797,0.596227316141356,0.962759615384615,0.7931380984936,0.777319737497923,0.628827396477188,0.805524475524475,0.997115384615385,0.873636,1,0.172721153846154,0.689466408377215,0.728514116269218,0.813332969566344,0.768289449261528,0.810348171167208,0.848575031525851,0.782516918110138,0.710692307692308,0.899221153846154,0.88414979757085,0.817503854413303,0.686449630269855,0.837646581326356,0.8528841588859,0.863979861340376,0.878120189707534,0.622225395259482,0.800066857195326,0.900403210185819,0.923675315183629,0.669138658527688,0.749603824988332,0.762733197035523,0.82466240207083,0.790647639702829,0.816197042950962,0.854606158796593,0.789685237431592,0.922279792746114,0.757060315125237,0.761849261849262,0.935528846153846,0.800113654650789,0.778318926800057,0.696003865123779,0.418353283981729,0.609150947075571,0.794917344354086,0.882570094566855,0.901580909363011,0.905780454271244,0.818499306076946,0.736833258628418,0.781668076159602,0.762952236727204,0.643169964195894,0.544547014589432
"16","IT",0.67909009009009,0.668913846153846,0.742320862396956,0.57956783040451,0.752918428872118,0.563629216519667,0.621874639616064,0.647524691358025,0.540770441500853,0.530006488369819,0.516136101087332,0.502036437246964,0.612345679012346,0.626459183673469,0.834541751527495,0.133634146341463,0.525178408826208,0.662263494463041,0.631882681446704,0.398532943052951,0.541450542304097,0.716996387885524,0.632567375170076,0.433627766599598,0.662058461538461,0.645617571059432,0.587153247258234,0.556084408378416,0.570796451882594,0.711840051266121,0.582103534149314,0.741663269126763,0.509728003399957,0.697774940961055,0.500455942484928,0.619260432245389,0.568589046623947,0.542717756560003,0.580238672726902,0.554474665254892,0.657874906500181,0.696564215003823,0.675015393727304,0.641646163274287,0.790504352680519,0.605845402523812,0.670500844077406,0.740412844036697,0.494518053618472,0.65170518292874,0.642535697431916,0.332345523451734,0.440578306657225,0.626724008815286,0.79632857620071,0.74070802797737,0.75455110408603,0.63088117694743,0.549673235165541,0.641824544676963,0.662048444022305,0.526380463246303,0.40780228354796
"17","LT",0.775614285714286,0.78490625,0.786857256693285,0.615538508714662,0.838484498226462,0.643278239114234,0.815551481676972,0.891683760683761,0.713962829998687,0.770164647697749,0.747097073850441,0.615132352941176,0.963636363636364,0.612575,0.747474747474748,0.226436363636364,0.642064946203025,0.677645257237094,0.819912191609301,0.648083732882078,0.768397869117294,0.845881768504719,0.844500132635726,0.557032258064516,0.740139344262295,0.71906,0.663841062929335,0.62521681968336,0.696077804593476,0.705205409472407,0.667775016941495,0.75723749709688,0.426723796387328,0.706689997558395,0.807268910676666,0.790543262352238,0.660228463983227,0.656689168950314,0.58599681971775,0.760626149105316,0.703985518685737,0.82809500543323,0.790740388386461,0.773211129347895,0.797851040090483,0.818638112013804,0.715798255767899,0.82784496124031,0.752299370500207,0.724843156927689,0.76317129425753,0.581687498593704,0.553228211497994,0.670440637413537,0.76627854138266,0.702872851688765,0.805248402544308,0.704120894221482,0.67497543993262,0.735279501381196,0.835773164900913,0.592652893893029,0.539056071228728
"18","LU",0.812349206349206,0.785718518518518,0.825636306458182,0.699536823251193,0.815897741471072,0.679915303358293,0.731609601876368,0.725900641025641,0.66003078489973,0.656128855845379,0.627081906471328,0.740910780669145,0.525048076923077,0.648984615384615,0.944262295081967,0.0712113821138211,0.774826084113419,0.793909158033755,0.749749955665898,0.79585660117201,0.807644346061612,0.873344262295082,0.806153846153846,0.646361940298507,0.783663461538462,0.807483394833948,0.693561236991355,0.682361441227312,0.725084824452802,0.720059770898511,0.597844172994388,0.709798955776511,0.762758300887093,0.82964160914893,0.52518610942524,0.576381886445483,0.784692930710527,0.660404198228521,0.754251411284877,0.792923827094138,0.754904307600018,0.798189597649345,0.746525551017653,0.700574033787688,0.798840084785681,0.7478215774328,0.668588873812754,0.867716346153846,0.604859055912735,0.695755822278923,0.791652340415442,0.590540473053179,0.494859986219628,0.790873716837755,0.860393751705644,0.83800865962831,0.839945846602786,0.768344879757923,0.73679518785413,0.826869036888173,0.881735881592183,0.893702689644065,0.822489534004078
"19","LV",0.803403669724771,0.748688679245283,0.83112788791711,0.616844737440327,0.824175608174016,0.526249977401879,0.708511074981488,0.89081308411215,0.723789891233325,0.68553119524023,0.655624592860043,0.705472727272727,1,0.756128,0.867469879518072,0.268471698113208,0.719526080573364,0.708723741068755,0.404870101081752,0.628511720096519,0.838048791735842,0.88390368852459,0.878026634382567,0.605593939393939,0.853264150943396,0.789196721311475,0.81814130009049,0.642760817845618,0.712489041935724,0.845249576748172,0.813568710017005,0.789364300267695,0.591467724577971,0.752047791564521,0.724737980685479,0.831413675137065,0.739905391943402,0.691233749810309,0.73212561900583,0.796664119478126,0.738392887460244,0.824437278723264,0.883651938260464,0.894888234852717,0.796206270348415,0.767583633238693,0.747022463440374,0.895339622641509,0.850342754138049,0.741858437880176,0.645531372868343,0.622311640222647,0.547233586627594,0.541319773715706,0.824982028469233,0.897784837583678,0.951882146875936,0.714662403107264,0.691477155800625,0.777964084967603,0.747407321047537,0.636650388814776,0.442766195164112
"20","MT",0.655736,0.582475903614458,0.916296766011414,0.524658447961416,0.68522496005495,0.287230685758043,0.637926942886776,0.732414634146341,0.628749542169035,0.581068148694446,0.68573597688478,0.532295384615385,0.699145299145299,0.519574912891986,0.641172839506173,0.0711138211382114,0.51546464942273,0.562828383385875,0.800177336407164,0.643240261978628,0.763180225050729,0.734596721311475,0.549137642018998,0.409883076923077,0.835455284552846,0.839690036900369,0.940944881889764,0.678917613146169,0.578955359854236,0.784675716673293,0.67261523430685,0.894738384917651,0.501024834750541,0.676149335351903,0.5249805175574,0.666754211485108,0.639793445041627,0.656057524311662,0.849686681252195,0.691589554370827,0.867956896425593,0.824643388725776,0.850830785622468,0.823441075771783,0.832783796514367,0.568655611065421,0.793148080734539,0.866886178861789,0.766254493088864,0.65570227034137,0.685768849057171,0.470246258613161,0.514868966502746,0.727487283538347,0.847391990810237,0.739299610894942,0.668327379972687,0.656757153197086,0.646837674114079,0.728624862977901,0.776182682073983,0.379068150481795,0.58053729900206
"21","NL",0.79271914893617,0.833917040358744,0.795393233551265,0.691694116366946,0.839510536446166,0.755492593234443,0.764913100371642,0.783526086956522,0.709759519613852,0.696424803257119,0.668422828507099,0.494283413848631,0.513577586206897,0.632149122807018,0.741935483870968,0.0275284552845528,0.608521483839399,0.799318331601935,0.772872025556424,0.663149181195411,0.746006012091735,0.803892865389056,0.78605400328962,0.47264829821718,0.750849462365591,0.6942,0.783698288203786,0.616891197425632,0.668659748473774,0.658107057227988,0.613297890996354,0.723902482236437,0.598798253168387,0.722389943166687,0.66053266802892,0.806586500395883,0.720847502499685,0.60204454002715,0.63130298430519,0.641304347826087,0.738154944118472,0.741047116246898,0.725687545864116,0.792795022495997,0.840605683241721,0.688968959154041,0.761626579030973,0.857282655246253,0.438534001827538,0.626648566476619,0.639852353416387,0.283137854997529,0.508327845541485,0.602463694495906,0.779627221326865,0.84533757103103,0.809621076147186,0.735086122525144,0.762534969628588,0.861840757665479,0.870143009520338,0.669720261466947,0.731847023820581
"22","PL",0.454968571428571,0.427472440944882,0.427277287521084,0.430424963950759,0.555146248516598,0.398309261965059,0.388922471884662,0.511780058651026,0.535620481038808,0.503226884706366,0.439703861912756,0.353304157549234,0.597321428571429,0.317321078431373,0.604091517857143,0.05617,0.466649846899235,0.706514843134019,0.755785600283738,0.658449672526715,0.630128205128205,0.652233606557377,0.808265040044701,0.306945770065076,0.385729411764706,0.405799472295514,0.388309770937724,0.40729501070091,0.34257272642896,0.468067769915372,0.408526466380544,0.533476828090475,0.341270510904328,0.428006346422611,0.437146774103296,0.631644819800006,0.530820447242133,0.464009386737622,0.465605719031799,0.520965391814856,0.544687491073214,0.665799762303339,0.617467456486763,0.603228086049562,0.579383771093616,0.441696423578658,0.51172348933543,0.513210059171598,0.527665703659427,0.486213004053064,0.572939953971175,0.406038821261691,0.532047490282238,0.451553602376826,0.53854311275644,0.699955942377714,0.707507586167333,0.446929444655709,0.443081079735047,0.510712844074146,0.692189290649783,0.387973814102868,0.522663003309875
"23","PT",0.517573934837093,0.425664974619289,0.547036112471204,0.46504856072875,0.532503237633825,0.372802189339615,0.412059529818727,0.553740837696335,0.448320080003871,0.328334835575359,0.436723479534715,0.272028112449799,0.418696581196581,0.293926746166951,0.431506849315068,0.0312845528455285,0.399922443720403,0.430137704032486,0.513569891568842,0.406075757737289,0.393737983443539,0.542535068446848,0.560487564156968,0.27641961414791,0.443103092783505,0.402387826086957,0.457321336418571,0.48579370001935,0.534321969560495,0.495608065899834,0.336278199625839,0.50196624836146,0.323772744241971,0.60035460021072,0.561750111764017,0.703055882860248,0.472811867533315,0.41864308831367,0.430725289821551,0.534620705513378,0.520721761831003,0.611269051311857,0.724131766694294,0.749450153780688,0.626093538010636,0.399170104253144,0.656152979325254,0.506655601659751,0.395403795364848,0.374911459192205,0.46752344495595,0.301592077861933,0.350586092690174,0.617818364958746,0.607918582479217,0.674588880777307,0.453077617412217,0.419132833600531,0.350529104305509,0.576134629875845,0.792449471252385,0.523265097673215,0.429840643009408
"24","RO",0.288763213530655,0.28028,0.504903378819779,0.314617444135516,0.530468219731285,0.256167358671351,0.261245262963305,0.296405982905983,0.343353738235749,0.275081839606678,0.311660648557402,0.266996575342466,0.449615384615385,0.277720767888307,0.293988269794721,0.0876991869918699,0.353300912209574,0.607153584996151,0.652093443798096,0.373137480519102,0.422192257028613,0.479806049411221,0.625365191709017,0.174070689655172,0.456026041666667,0.459002242152466,0.488045439632546,0.477271249479817,0.389437980817896,0.487358028899412,0.428745827372437,0.580638943008377,0.258590365181411,0.638992607473076,0.397781680390376,0.321070440072815,0.359022899429121,0.407036357650158,0.354884759136213,0.473858292386341,0.396352139828445,0.586840390371056,0.426085315071713,0.511411118790703,0.567181043864982,0.410837824778439,0.535046858429943,0.344457264957265,0.722025780561474,0.392030554579209,0.316315722912517,0.222015580890994,0.409688006020607,0.614108489238472,0.597867400736443,0.436468093082879,0.441406304802256,0.388407945861362,0.283671804066246,0.338775733153575,0.681153375695274,0.538690885378817,0.384648779273454
"25","SE",0.89535881104034,0.894123931623932,0.84923770656174,0.675487664945496,0.615026698888496,0.70835687787141,0.949319484240688,0.941522388059701,0.820570446681388,0.830212044574896,0.820893922612455,0.532039316239316,0.504529914529915,0.879248031496063,0.416234887737478,0.070260162601626,0.695261761299497,0.831966974824118,0.807255306979312,0.729952274834807,0.764821728749178,0.833003925190487,0.774587551383923,0.522158974358974,0.822781779661017,0.797656862745098,0.784309188479408,0.643949336833232,0.702251381847746,0.793532731972358,0.725823704192803,0.802538339746835,0.482781945994906,0.695479629604885,0.8437929090103,0.905463182897862,0.869563988083763,0.727979121516585,0.674670076291537,0.686785097967349,0.837422900035378,0.818542234917216,0.808791780270499,0.791522359573619,0.856617188223406,0.70658640135238,0.687995531279113,0.872794871794872,0.603219730834794,0.665330880172647,0.58956640530315,0.448658716023655,0.55582206275125,0.669521100890252,0.921616166410243,0.778192732472888,0.724256481962117,0.730565098577521,0.693577037369059,0.853097413246235,0.907406563647473,0.989209212433564,0.746082621082621
"26","SI",0.900028985507246,0.902376811594203,0.894718191652057,0.710459484998819,0.898226161227666,0.76064043992057,0.789624768245407,0.863294117647059,0.746412539885706,0.810459280904586,0.728281558791654,0.823189189189189,1,0.904164835164835,1,0.459264705882353,0.687337993251932,0.810199856340052,0.874244305083106,0.755695528187772,0.873237074675924,0.908569299552906,0.876953554919657,0.739589285714286,0.898735294117647,0.878296703296703,0.777785380437071,0.829041822721598,0.744064950608242,0.839028885806578,0.822645796516031,0.931745322579381,0.651629906096762,0.630351782610985,0.671913418716488,0.677271668762517,0.728245708653363,0.684754189526806,0.790384991205785,0.822548435693515,0.80107360880765,0.923509717385661,0.81183267514992,0.7792016497275,0.936817119688196,0.92407511570305,0.738003387696101,0.957147058823529,0.857043235704324,0.746632753626074,0.738245267280772,0.639225260115071,0.739936772410502,0.837679681924763,0.918587981235993,0.89793274932895,0.882674791601849,0.815139099117908,0.823661243968677,0.8360728624936,0.670418332586663,0.594810190141446,0.305871316631718
"27","SK",0.755814814814815,0.82208064516129,0.819514901712112,0.592704149933066,0.916028865077629,0.530133923688436,0.659715698247921,0.749191780821918,0.662806040794089,0.532532397408207,0.702737824207676,0.824322580645161,1,0.784606382978723,1,0.304361111111111,0.683278187072919,0.757950005398985,0.858071762132766,0.696244589988127,0.834860316874705,0.879380692167577,0.84517083669626,0.716744897959184,0.77125,0.764233333333333,0.713135289906943,0.693937265917603,0.699037520666734,0.740280635121591,0.709103481163567,0.784112533301284,0.632448344395695,0.653599620640741,0.61253334079421,0.728213248878332,0.684485544665753,0.553199912202311,0.623306570690292,0.743001786777844,0.732874258481637,0.760931872368488,0.707197763801537,0.715908904927906,0.852200764117863,0.834060280713527,0.72368376970367,0.820371794871795,0.802398109406477,0.660588368026175,0.585807987395534,0.550156630090478,0.575333784012168,0.585528596187175,0.800923783570706,0.837656722870731,0.853481467971711,0.680495882563552,0.669694181666627,0.759322882204238,0.706379428717408,0.4714411470755,0.347386975730799
